{
  "countrylist": [
    {
      "currencies": [
        {
          "code": "AFN",
          "name": "Afghan afghani",
          "symbol": "؋"
        }
      ],
      "name": "Afghanistan",
      "alpha2Code": "AF",
      "population": 27657145
    },
    
    {
      "currencies": [
        {
          "code": "ALL",
          "name": "Albanian lek",
          "symbol": "L"
        }
      ],
      "name": "Albania",
      "alpha2Code": "AL",
      "population": 2886026
    },
    {
      "currencies": [
        {
          "code": "DZD",
          "name": "Algerian dinar",
          "symbol": "د.ج"
        }
      ],
      "name": "Algeria",
      "alpha2Code": "DZ",
      "population": 40400000
    },
    {
      "currencies": [
        {
          "code": "USD",
          "name": "United State Dollar",
          "symbol": "$"
        }
      ],
      "name": "American Samoa",
      "alpha2Code": "AS",
      "population": 57100
    },
    {
      "currencies": [
        {
          "code": "EUR",
          "name": "Euro",
          "symbol": "€"
        }
      ],
      "name": "Andorra",
      "alpha2Code": "AD",
      "population": 78014
    },
    {
      "currencies": [
        {
          "code": "AOA",
          "name": "Angolan kwanza",
          "symbol": "Kz"
        }
      ],
      "name": "Angola",
      "alpha2Code": "AO",
      "population": 25868000
    },
    {
      "currencies": [
        {
          "code": "XCD",
          "name": "East Caribbean dollar",
          "symbol": "$"
        }
      ],
      "name": "Anguilla",
      "alpha2Code": "AI",
      "population": 13452
    },
    {
      "currencies": [
        {
          "code": "AUD",
          "name": "Australian dollar",
          "symbol": "$"
        },
        {
          "code": "GBP",
          "name": "British pound",
          "symbol": "£"
        }
      ],
      "name": "Antarctica",
      "alpha2Code": "AQ",
      "population": 1000
    },
    {
      "currencies": [
        {
          "code": "XCD",
          "name": "East Caribbean dollar",
          "symbol": "$"
        }
      ],
      "name": "Antigua and Barbuda",
      "alpha2Code": "AG",
      "population": 86295
    },
    {
      "currencies": [
        {
          "code": "ARS",
          "name": "Argentine peso",
          "symbol": "$"
        }
      ],
      "name": "Argentina",
      "alpha2Code": "AR",
      "population": 43590400
    },
    {
      "currencies": [
        {
          "code": "AMD",
          "name": "Armenian dram"
        }
      ],
      "name": "Armenia",
      "alpha2Code": "AM",
      "population": 2994400
    },
    {
      "currencies": [
        {
          "code": "AWG",
          "name": "Aruban florin",
          "symbol": "ƒ"
        }
      ],
      "name": "Aruba",
      "alpha2Code": "AW",
      "population": 107394
    },
    {
      "currencies": [
        {
          "code": "AUD",
          "name": "Australian dollar",
          "symbol": "$"
        }
      ],
      "name": "Australia",
      "alpha2Code": "AU",
      "population": 24117360
    },
    {
      "currencies": [
        {
          "code": "EUR",
          "name": "Euro",
          "symbol": "€"
        }
      ],
      "name": "Austria",
      "alpha2Code": "AT",
      "population": 8725931
    },
    {
      "currencies": [
        {
          "code": "AZN",
          "name": "Azerbaijani manat"
        }
      ],
      "name": "Azerbaijan",
      "alpha2Code": "AZ",
      "population": 9730500
    },
    {
      "currencies": [
        {
          "code": "BSD",
          "name": "Bahamian dollar",
          "symbol": "$"
        }
      ],
      "name": "Bahamas",
      "alpha2Code": "BS",
      "population": 378040
    },
    {
      "currencies": [
        {
          "code": "BHD",
          "name": "Bahraini dinar",
          "symbol": ".د.ب"
        }
      ],
      "name": "Bahrain",
      "alpha2Code": "BH",
      "population": 1404900
    },
    {
      "currencies": [
        {
          "code": "BDT",
          "name": "Bangladeshi taka",
          "symbol": "৳"
        }
      ],
      "name": "Bangladesh",
      "alpha2Code": "BD",
      "population": 161006790
    },
    {
      "currencies": [
        {
          "code": "BBD",
          "name": "Barbadian dollar",
          "symbol": "$"
        }
      ],
      "name": "Barbados",
      "alpha2Code": "BB",
      "population": 285000
    },
    {
      "currencies": [
        {
          "code": "BYN",
          "name": "New Belarusian ruble",
          "symbol": "Br"
        },
        {
          "code": "BYR",
          "name": "Old Belarusian ruble",
          "symbol": "Br"
        }
      ],
      "name": "Belarus",
      "alpha2Code": "BY",
      "population": 9498700
    },
    {
      "currencies": [
        {
          "code": "EUR",
          "name": "Euro",
          "symbol": "€"
        }
      ],
      "name": "Belgium",
      "alpha2Code": "BE",
      "population": 11319511
    },
    {
      "currencies": [
        {
          "code": "BZD",
          "name": "Belize dollar",
          "symbol": "$"
        }
      ],
      "name": "Belize",
      "alpha2Code": "BZ",
      "population": 370300
    },
    {
      "currencies": [
        {
          "code": "XOF",
          "name": "West African CFA franc",
          "symbol": "Fr"
        }
      ],
      "name": "Benin",
      "alpha2Code": "BJ",
      "population": 10653654
    },
    {
      "currencies": [
        {
          "code": "BMD",
          "name": "Bermudian dollar",
          "symbol": "$"
        }
      ],
      "name": "Bermuda",
      "alpha2Code": "BM",
      "population": 61954
    },
    {
      "currencies": [
        {
          "code": "BTN",
          "name": "Bhutanese ngultrum",
          "symbol": "Nu."
        },
        {
          "code": "INR",
          "name": "Indian rupee",
          "symbol": "₹"
        }
      ],
      "name": "Bhutan",
      "alpha2Code": "BT",
      "population": 775620
    },
    {
      "currencies": [
        {
          "code": "BOB",
          "name": "Bolivian boliviano",
          "symbol": "Bs."
        }
      ],
      "name": "Bolivia (Plurinational State of)",
      "alpha2Code": "BO",
      "population": 10985059
    },
    {
      "currencies": [
        {
          "code": "USD",
          "name": "United States dollar",
          "symbol": "$"
        }
      ],
      "name": "Bonaire, Sint Eustatius and Saba",
      "alpha2Code": "BQ",
      "population": 17408
    },
    {
      "currencies": [
        {
          "code": "BAM",
          "name": "Bosnia and Herzegovina convertible mark"
        }
      ],
      "name": "Bosnia and Herzegovina",
      "alpha2Code": "BA",
      "population": 3531159
    },
    {
      "currencies": [
        {
          "code": "BWP",
          "name": "Botswana pula",
          "symbol": "P"
        }
      ],
      "name": "Botswana",
      "alpha2Code": "BW",
      "population": 2141206
    },
    {
      "currencies": [
        {
          "code": "NOK",
          "name": "Norwegian krone",
          "symbol": "kr"
        }
      ],
      "name": "Bouvet Island",
      "alpha2Code": "BV",
      "population": 0
    },
    {
      "currencies": [
        {
          "code": "BRL",
          "name": "Brazilian real",
          "symbol": "R$"
        }
      ],
      "name": "Brazil",
      "alpha2Code": "BR",
      "population": 206135893
    },
    {
      "currencies": [
        {
          "code": "USD",
          "name": "United States dollar",
          "symbol": "$"
        }
      ],
      "name": "British Indian Ocean Territory",
      "alpha2Code": "IO",
      "population": 3000
    },
    {
      "currencies": [
        {
          "code": "USD",
          "name": "United States Dollar",
          "symbol": "$"
        }
      ],
      "name": "United States Minor Outlying Islands",
      "alpha2Code": "UM",
      "population": 300
    },
    {
      "currencies": [
        {
          "name": "[D]",
          "symbol": "$"
        },
        {
          "code": "USD",
          "name": "United States dollar",
          "symbol": "$"
        }
      ],
      "name": "Virgin Islands (British)",
      "alpha2Code": "VG",
      "population": 28514
    },
    {
      "currencies": [
        {
          "code": "USD",
          "name": "United States dollar",
          "symbol": "$"
        }
      ],
      "name": "Virgin Islands (U.S.)",
      "alpha2Code": "VI",
      "population": 114743
    },
    {
      "currencies": [
        {
          "code": "BND",
          "name": "Brunei dollar",
          "symbol": "$"
        },
        {
          "code": "SGD",
          "name": "Singapore dollar",
          "symbol": "$"
        }
      ],
      "name": "Brunei Darussalam",
      "alpha2Code": "BN",
      "population": 411900
    },
    {
      "currencies": [
        {
          "code": "BGN",
          "name": "Bulgarian lev",
          "symbol": "лв"
        }
      ],
      "name": "Bulgaria",
      "alpha2Code": "BG",
      "population": 7153784
    },
    {
      "currencies": [
        {
          "code": "XOF",
          "name": "West African CFA franc",
          "symbol": "Fr"
        }
      ],
      "name": "Burkina Faso",
      "alpha2Code": "BF",
      "population": 19034397
    },
    {
      "currencies": [
        {
          "code": "BIF",
          "name": "Burundian franc",
          "symbol": "Fr"
        }
      ],
      "name": "Burundi",
      "alpha2Code": "BI",
      "population": 10114505
    },
    {
      "currencies": [
        {
          "code": "KHR",
          "name": "Cambodian riel",
          "symbol": "៛"
        },
        {
          "code": "USD",
          "name": "United States dollar",
          "symbol": "$"
        }
      ],
      "name": "Cambodia",
      "alpha2Code": "KH",
      "population": 15626444
    },
    {
      "currencies": [
        {
          "code": "XAF",
          "name": "Central African CFA franc",
          "symbol": "Fr"
        }
      ],
      "name": "Cameroon",
      "alpha2Code": "CM",
      "population": 22709892
    },
    {
      "currencies": [
        {
          "code": "CAD",
          "name": "Canadian dollar",
          "symbol": "$"
        }
      ],
      "name": "Canada",
      "alpha2Code": "CA",
      "population": 36155487
    },
    {
      "currencies": [
        {
          "code": "CVE",
          "name": "Cape Verdean escudo",
          "symbol": "Esc"
        }
      ],
      "name": "Cabo Verde",
      "alpha2Code": "CV",
      "population": 531239
    },
    {
      "currencies": [
        {
          "code": "KYD",
          "name": "Cayman Islands dollar",
          "symbol": "$"
        }
      ],
      "name": "Cayman Islands",
      "alpha2Code": "KY",
      "population": 58238
    },
    {
      "currencies": [
        {
          "code": "XAF",
          "name": "Central African CFA franc",
          "symbol": "Fr"
        }
      ],
      "name": "Central African Republic",
      "alpha2Code": "CF",
      "population": 4998000
    },
    {
      "currencies": [
        {
          "code": "XAF",
          "name": "Central African CFA franc",
          "symbol": "Fr"
        }
      ],
      "name": "Chad",
      "alpha2Code": "TD",
      "population": 14497000
    },
    {
      "currencies": [
        {
          "code": "CLP",
          "name": "Chilean peso",
          "symbol": "$"
        }
      ],
      "name": "Chile",
      "alpha2Code": "CL",
      "population": 18191900
    },
    {
      "currencies": [
        {
          "code": "CNY",
          "name": "Chinese yuan",
          "symbol": "¥"
        }
      ],
      "name": "China",
      "alpha2Code": "CN",
      "population": 1377422166
    },
    {
      "currencies": [
        {
          "code": "AUD",
          "name": "Australian dollar",
          "symbol": "$"
        }
      ],
      "name": "Christmas Island",
      "alpha2Code": "CX",
      "population": 2072
    },
    {
      "currencies": [
        {
          "code": "AUD",
          "name": "Australian dollar",
          "symbol": "$"
        }
      ],
      "name": "Cocos (Keeling) Islands",
      "alpha2Code": "CC",
      "population": 550
    },
    {
      "currencies": [
        {
          "code": "COP",
          "name": "Colombian peso",
          "symbol": "$"
        }
      ],
      "name": "Colombia",
      "alpha2Code": "CO",
      "population": 48759958
    },
    {
      "currencies": [
        {
          "code": "KMF",
          "name": "Comorian franc",
          "symbol": "Fr"
        }
      ],
      "name": "Comoros",
      "alpha2Code": "KM",
      "population": 806153
    },
    {
      "currencies": [
        {
          "code": "XAF",
          "name": "Central African CFA franc",
          "symbol": "Fr"
        }
      ],
      "name": "Congo",
      "alpha2Code": "CG",
      "population": 4741000
    },
    {
      "currencies": [
        {
          "code": "CDF",
          "name": "Congolese franc",
          "symbol": "Fr"
        }
      ],
      "name": "Congo (Democratic Republic of the)",
      "alpha2Code": "CD",
      "population": 85026000
    },
    {
      "currencies": [
        {
          "code": "NZD",
          "name": "New Zealand dollar",
          "symbol": "$"
        },
        {
          "code": "CKD",
          "name": "Cook Islands dollar",
          "symbol": "$"
        }
      ],
      "name": "Cook Islands",
      "alpha2Code": "CK",
      "population": 18100
    },
    {
      "currencies": [
        {
          "code": "CRC",
          "name": "Costa Rican colón",
          "symbol": "₡"
        }
      ],
      "name": "Costa Rica",
      "alpha2Code": "CR",
      "population": 4890379
    },
    {
      "currencies": [
        {
          "code": "HRK",
          "name": "Croatian kuna",
          "symbol": "kn"
        }
      ],
      "name": "Croatia",
      "alpha2Code": "HR",
      "population": 4190669
    },
    {
      "currencies": [
        {
          "code": "CUC",
          "name": "Cuban convertible peso",
          "symbol": "$"
        },
        {
          "code": "CUP",
          "name": "Cuban peso",
          "symbol": "$"
        }
      ],
      "name": "Cuba",
      "alpha2Code": "CU",
      "population": 11239004
    },
    {
      "currencies": [
        {
          "code": "ANG",
          "name": "Netherlands Antillean guilder",
          "symbol": "ƒ"
        }
      ],
      "name": "Curaçao",
      "alpha2Code": "CW",
      "population": 154843
    },
    {
      "currencies": [
        {
          "code": "EUR",
          "name": "Euro",
          "symbol": "€"
        }
      ],
      "name": "Cyprus",
      "alpha2Code": "CY",
      "population": 847000
    },
    {
      "currencies": [
        {
          "code": "CZK",
          "name": "Czech koruna",
          "symbol": "Kč"
        }
      ],
      "name": "Czech Republic",
      "alpha2Code": "CZ",
      "population": 10558524
    },
    {
      "currencies": [
        {
          "code": "DKK",
          "name": "Danish krone",
          "symbol": "kr"
        }
      ],
      "name": "Denmark",
      "alpha2Code": "DK",
      "population": 5717014
    },
    {
      "currencies": [
        {
          "code": "DJF",
          "name": "Djiboutian franc",
          "symbol": "Fr"
        }
      ],
      "name": "Djibouti",
      "alpha2Code": "DJ",
      "population": 900000
    },
    {
      "currencies": [
        {
          "code": "XCD",
          "name": "East Caribbean dollar",
          "symbol": "$"
        }
      ],
      "name": "Dominica",
      "alpha2Code": "DM",
      "population": 71293
    },
    {
      "currencies": [
        {
          "code": "DOP",
          "name": "Dominican peso",
          "symbol": "$"
        }
      ],
      "name": "Dominican Republic",
      "alpha2Code": "DO",
      "population": 10075045
    },
    {
      "currencies": [
        {
          "code": "USD",
          "name": "United States dollar",
          "symbol": "$"
        }
      ],
      "name": "Ecuador",
      "alpha2Code": "EC",
      "population": 16545799
    },
    {
      "currencies": [
        {
          "code": "EGP",
          "name": "Egyptian pound",
          "symbol": "£"
        }
      ],
      "name": "Egypt",
      "alpha2Code": "EG",
      "population": 91290000
    },
    {
      "currencies": [
        {
          "code": "USD",
          "name": "United States dollar",
          "symbol": "$"
        }
      ],
      "name": "El Salvador",
      "alpha2Code": "SV",
      "population": 6520675
    },
    {
      "currencies": [
        {
          "code": "XAF",
          "name": "Central African CFA franc",
          "symbol": "Fr"
        }
      ],
      "name": "Equatorial Guinea",
      "alpha2Code": "GQ",
      "population": 1222442
    },
    {
      "currencies": [
        {
          "code": "ERN",
          "name": "Eritrean nakfa",
          "symbol": "Nfk"
        }
      ],
      "name": "Eritrea",
      "alpha2Code": "ER",
      "population": 5352000
    },
    {
      "currencies": [
        {
          "code": "EUR",
          "name": "Euro",
          "symbol": "€"
        }
      ],
      "name": "Estonia",
      "alpha2Code": "EE",
      "population": 1315944
    },
    {
      "currencies": [
        {
          "code": "ETB",
          "name": "Ethiopian birr",
          "symbol": "Br"
        }
      ],
      "name": "Ethiopia",
      "alpha2Code": "ET",
      "population": 92206005
    },
    {
      "currencies": [
        {
          "code": "FKP",
          "name": "Falkland Islands pound",
          "symbol": "£"
        }
      ],
      "name": "Falkland Islands (Malvinas)",
      "alpha2Code": "FK",
      "population": 2563
    },
    {
      "currencies": [
        {
          "code": "DKK",
          "name": "Danish krone",
          "symbol": "kr"
        },
        {
          "code": "(none)",
          "name": "Faroese króna",
          "symbol": "kr"
        }
      ],
      "name": "Faroe Islands",
      "alpha2Code": "FO",
      "population": 49376
    },
    {
      "currencies": [
        {
          "code": "FJD",
          "name": "Fijian dollar",
          "symbol": "$"
        }
      ],
      "name": "Fiji",
      "alpha2Code": "FJ",
      "population": 867000
    },
    {
      "currencies": [
        {
          "code": "EUR",
          "name": "Euro",
          "symbol": "€"
        }
      ],
      "name": "Finland",
      "alpha2Code": "FI",
      "population": 5491817
    },
    {
      "currencies": [
        {
          "code": "EUR",
          "name": "Euro",
          "symbol": "€"
        }
      ],
      "name": "France",
      "alpha2Code": "FR",
      "population": 66710000
    },
    {
      "currencies": [
        {
          "code": "EUR",
          "name": "Euro",
          "symbol": "€"
        }
      ],
      "name": "French Guiana",
      "alpha2Code": "GF",
      "population": 254541
    },
    {
      "currencies": [
        {
          "code": "XPF",
          "name": "CFP franc",
          "symbol": "Fr"
        }
      ],
      "name": "French Polynesia",
      "alpha2Code": "PF",
      "population": 271800
    },
    {
      "currencies": [
        {
          "code": "EUR",
          "name": "Euro",
          "symbol": "€"
        }
      ],
      "name": "French Southern Territories",
      "alpha2Code": "TF",
      "population": 140
    },
    {
      "currencies": [
        {
          "code": "XAF",
          "name": "Central African CFA franc",
          "symbol": "Fr"
        }
      ],
      "name": "Gabon",
      "alpha2Code": "GA",
      "population": 1802278
    },
    {
      "currencies": [
        {
          "code": "GMD",
          "name": "Gambian dalasi",
          "symbol": "D"
        }
      ],
      "name": "Gambia",
      "alpha2Code": "GM",
      "population": 1882450
    },
    {
      "currencies": [
        {
          "code": "GEL",
          "name": "Georgian Lari",
          "symbol": "ლ"
        }
      ],
      "name": "Georgia",
      "alpha2Code": "GE",
      "population": 3720400
    },
    {
      "currencies": [
        {
          "code": "EUR",
          "name": "Euro",
          "symbol": "€"
        }
      ],
      "name": "Germany",
      "alpha2Code": "DE",
      "population": 81770900
    },
    {
      "currencies": [
        {
          "code": "GHS",
          "name": "Ghanaian cedi",
          "symbol": "₵"
        }
      ],
      "name": "Ghana",
      "alpha2Code": "GH",
      "population": 27670174
    },
    {
      "currencies": [
        {
          "code": "GIP",
          "name": "Gibraltar pound",
          "symbol": "£"
        }
      ],
      "name": "Gibraltar",
      "alpha2Code": "GI",
      "population": 33140
    },
    {
      "currencies": [
        {
          "code": "EUR",
          "name": "Euro",
          "symbol": "€"
        }
      ],
      "name": "Greece",
      "alpha2Code": "GR",
      "population": 10858018
    },
    {
      "currencies": [
        {
          "code": "DKK",
          "name": "Danish krone",
          "symbol": "kr"
        }
      ],
      "name": "Greenland",
      "alpha2Code": "GL",
      "population": 55847
    },
    {
      "currencies": [
        {
          "code": "XCD",
          "name": "East Caribbean dollar",
          "symbol": "$"
        }
      ],
      "name": "Grenada",
      "alpha2Code": "GD",
      "population": 103328
    },
    {
      "currencies": [
        {
          "code": "EUR",
          "name": "Euro",
          "symbol": "€"
        }
      ],
      "name": "Guadeloupe",
      "alpha2Code": "GP",
      "population": 400132
    },
    {
      "currencies": [
        {
          "code": "USD",
          "name": "United States dollar",
          "symbol": "$"
        }
      ],
      "name": "Guam",
      "alpha2Code": "GU",
      "population": 184200
    },
    {
      "currencies": [
        {
          "code": "GTQ",
          "name": "Guatemalan quetzal",
          "symbol": "Q"
        }
      ],
      "name": "Guatemala",
      "alpha2Code": "GT",
      "population": 16176133
    },
    {
      "currencies": [
        {
          "code": "GBP",
          "name": "British pound",
          "symbol": "£"
        },
        {
          "code": "(none)",
          "name": "Guernsey pound",
          "symbol": "£"
        }
      ],
      "name": "Guernsey",
      "alpha2Code": "GG",
      "population": 62999
    },
    {
      "currencies": [
        {
          "code": "GNF",
          "name": "Guinean franc",
          "symbol": "Fr"
        }
      ],
      "name": "Guinea",
      "alpha2Code": "GN",
      "population": 12947000
    },
    {
      "currencies": [
        {
          "code": "XOF",
          "name": "West African CFA franc",
          "symbol": "Fr"
        }
      ],
      "name": "Guinea-Bissau",
      "alpha2Code": "GW",
      "population": 1547777
    },
    {
      "currencies": [
        {
          "code": "GYD",
          "name": "Guyanese dollar",
          "symbol": "$"
        }
      ],
      "name": "Guyana",
      "alpha2Code": "GY",
      "population": 746900
    },
    {
      "currencies": [
        {
          "code": "HTG",
          "name": "Haitian gourde",
          "symbol": "G"
        }
      ],
      "name": "Haiti",
      "alpha2Code": "HT",
      "population": 11078033
    },
    {
      "currencies": [
        {
          "code": "AUD",
          "name": "Australian dollar",
          "symbol": "$"
        }
      ],
      "name": "Heard Island and McDonald Islands",
      "alpha2Code": "HM",
      "population": 0
    },
    {
      "currencies": [
        {
          "code": "EUR",
          "name": "Euro",
          "symbol": "€"
        }
      ],
      "name": "Holy See",
      "alpha2Code": "VA",
      "population": 451
    },
    {
      "currencies": [
        {
          "code": "HNL",
          "name": "Honduran lempira",
          "symbol": "L"
        }
      ],
      "name": "Honduras",
      "alpha2Code": "HN",
      "population": 8576532
    },
    {
      "currencies": [
        {
          "code": "HKD",
          "name": "Hong Kong dollar",
          "symbol": "$"
        }
      ],
      "name": "Hong Kong",
      "alpha2Code": "HK",
      "population": 7324300
    },
    {
      "currencies": [
        {
          "code": "HUF",
          "name": "Hungarian forint",
          "symbol": "Ft"
        }
      ],
      "name": "Hungary",
      "alpha2Code": "HU",
      "population": 9823000
    },
    {
      "currencies": [
        {
          "code": "ISK",
          "name": "Icelandic króna",
          "symbol": "kr"
        }
      ],
      "name": "Iceland",
      "alpha2Code": "IS",
      "population": 334300
    },
    {
      "currencies": [
        {
          "code": "INR",
          "name": "Indian rupee",
          "symbol": "₹"
        }
      ],
      "name": "India",
      "alpha2Code": "IN",
      "population": 1295210000
    },
    {
      "currencies": [
        {
          "code": "IDR",
          "name": "Indonesian rupiah",
          "symbol": "Rp"
        }
      ],
      "name": "Indonesia",
      "alpha2Code": "ID",
      "population": 258705000
    },
    {
      "currencies": [
        {
          "code": "XOF",
          "name": "West African CFA franc",
          "symbol": "Fr"
        }
      ],
      "name": "Côte d'Ivoire",
      "alpha2Code": "CI",
      "population": 22671331
    },
    {
      "currencies": [
        {
          "code": "IRR",
          "name": "Iranian rial",
          "symbol": "﷼"
        }
      ],
      "name": "Iran (Islamic Republic of)",
      "alpha2Code": "IR",
      "population": 79369900
    },
    {
      "currencies": [
        {
          "code": "IQD",
          "name": "Iraqi dinar",
          "symbol": "ع.د"
        }
      ],
      "name": "Iraq",
      "alpha2Code": "IQ",
      "population": 37883543
    },
    {
      "currencies": [
        {
          "code": "EUR",
          "name": "Euro",
          "symbol": "€"
        }
      ],
      "name": "Ireland",
      "alpha2Code": "IE",
      "population": 6378000
    },
    {
      "currencies": [
        {
          "code": "GBP",
          "name": "British pound",
          "symbol": "£"
        },
        {
          "code": "IMP[G]",
          "name": "Manx pound",
          "symbol": "£"
        }
      ],
      "name": "Isle of Man",
      "alpha2Code": "IM",
      "population": 84497
    },
    {
      "currencies": [
        {
          "code": "ILS",
          "name": "Israeli new shekel",
          "symbol": "₪"
        }
      ],
      "name": "Israel",
      "alpha2Code": "IL",
      "population": 8527400
    },
    {
      "currencies": [
        {
          "code": "EUR",
          "name": "Euro",
          "symbol": "€"
        }
      ],
      "name": "Italy",
      "alpha2Code": "IT",
      "population": 60665551
    },
    {
      "currencies": [
        {
          "code": "JMD",
          "name": "Jamaican dollar",
          "symbol": "$"
        }
      ],
      "name": "Jamaica",
      "alpha2Code": "JM",
      "population": 2723246
    },
    {
      "currencies": [
        {
          "code": "JPY",
          "name": "Japanese yen",
          "symbol": "¥"
        }
      ],
      "name": "Japan",
      "alpha2Code": "JP",
      "population": 126960000
    },
    {
      "currencies": [
        {
          "code": "GBP",
          "name": "British pound",
          "symbol": "£"
        },
        {
          "code": "JEP[G]",
          "name": "Jersey pound",
          "symbol": "£"
        }
      ],
      "name": "Jersey",
      "alpha2Code": "JE",
      "population": 100800
    },
    {
      "currencies": [
        {
          "code": "JOD",
          "name": "Jordanian dinar",
          "symbol": "د.ا"
        }
      ],
      "name": "Jordan",
      "alpha2Code": "JO",
      "population": 9531712
    },
    {
      "currencies": [
        {
          "code": "KZT",
          "name": "Kazakhstani tenge"
        }
      ],
      "name": "Kazakhstan",
      "alpha2Code": "KZ",
      "population": 17753200
    },
    {
      "currencies": [
        {
          "code": "KES",
          "name": "Kenyan shilling",
          "symbol": "Sh"
        }
      ],
      "name": "Kenya",
      "alpha2Code": "KE",
      "population": 47251000
    },
    {
      "currencies": [
        {
          "code": "AUD",
          "name": "Australian dollar",
          "symbol": "$"
        },
        {
          "code": "(none)",
          "name": "Kiribati dollar",
          "symbol": "$"
        }
      ],
      "name": "Kiribati",
      "alpha2Code": "KI",
      "population": 113400
    },
    {
      "currencies": [
        {
          "code": "KWD",
          "name": "Kuwaiti dinar",
          "symbol": "د.ك"
        }
      ],
      "name": "Kuwait",
      "alpha2Code": "KW",
      "population": 4183658
    },
    {
      "currencies": [
        {
          "code": "KGS",
          "name": "Kyrgyzstani som",
          "symbol": "с"
        }
      ],
      "name": "Kyrgyzstan",
      "alpha2Code": "KG",
      "population": 6047800
    },
    {
      "currencies": [
        {
          "code": "LAK",
          "name": "Lao kip",
          "symbol": "₭"
        }
      ],
      "name": "Lao People's Democratic Republic",
      "alpha2Code": "LA",
      "population": 6492400
    },
    {
      "currencies": [
        {
          "code": "EUR",
          "name": "Euro",
          "symbol": "€"
        }
      ],
      "name": "Latvia",
      "alpha2Code": "LV",
      "population": 1961600
    },
    {
      "currencies": [
        {
          "code": "LBP",
          "name": "Lebanese pound",
          "symbol": "ل.ل"
        }
      ],
      "name": "Lebanon",
      "alpha2Code": "LB",
      "population": 5988000
    },
    {
      "currencies": [
        {
          "code": "LSL",
          "name": "Lesotho loti",
          "symbol": "L"
        },
        {
          "code": "ZAR",
          "name": "South African rand",
          "symbol": "R"
        }
      ],
      "name": "Lesotho",
      "alpha2Code": "LS",
      "population": 1894194
    },
    {
      "currencies": [
        {
          "code": "LRD",
          "name": "Liberian dollar",
          "symbol": "$"
        }
      ],
      "name": "Liberia",
      "alpha2Code": "LR",
      "population": 4615000
    },
    {
      "currencies": [
        {
          "code": "LYD",
          "name": "Libyan dinar",
          "symbol": "ل.د"
        }
      ],
      "name": "Libya",
      "alpha2Code": "LY",
      "population": 6385000
    },
    {
      "currencies": [
        {
          "code": "CHF",
          "name": "Swiss franc",
          "symbol": "Fr"
        }
      ],
      "name": "Liechtenstein",
      "alpha2Code": "LI",
      "population": 37623
    },
    {
      "currencies": [
        {
          "code": "EUR",
          "name": "Euro",
          "symbol": "€"
        }
      ],
      "name": "Lithuania",
      "alpha2Code": "LT",
      "population": 2872294
    },
    {
      "currencies": [
        {
          "code": "EUR",
          "name": "Euro",
          "symbol": "€"
        }
      ],
      "name": "Luxembourg",
      "alpha2Code": "LU",
      "population": 576200
    },
    {
      "currencies": [
        {
          "code": "MOP",
          "name": "Macanese pataca",
          "symbol": "P"
        }
      ],
      "name": "Macao",
      "alpha2Code": "MO",
      "population": 649100
    },
    {
      "currencies": [
        {
          "code": "MKD",
          "name": "Macedonian denar",
          "symbol": "ден"
        }
      ],
      "name": "Macedonia (the former Yugoslav Republic of)",
      "alpha2Code": "MK",
      "population": 2058539
    },
    {
      "currencies": [
        {
          "code": "MGA",
          "name": "Malagasy ariary",
          "symbol": "Ar"
        }
      ],
      "name": "Madagascar",
      "alpha2Code": "MG",
      "population": 22434363
    },
    {
      "currencies": [
        {
          "code": "MWK",
          "name": "Malawian kwacha",
          "symbol": "MK"
        }
      ],
      "name": "Malawi",
      "alpha2Code": "MW",
      "population": 16832910
    },
    {
      "currencies": [
        {
          "code": "MYR",
          "name": "Malaysian ringgit",
          "symbol": "RM"
        }
      ],
      "name": "Malaysia",
      "alpha2Code": "MY",
      "population": 31405416
    },
    {
      "currencies": [
        {
          "code": "MVR",
          "name": "Maldivian rufiyaa",
          "symbol": ".ރ"
        }
      ],
      "name": "Maldives",
      "alpha2Code": "MV",
      "population": 344023
    },
    {
      "currencies": [
        {
          "code": "XOF",
          "name": "West African CFA franc",
          "symbol": "Fr"
        }
      ],
      "name": "Mali",
      "alpha2Code": "ML",
      "population": 18135000
    },
    {
      "currencies": [
        {
          "code": "EUR",
          "name": "Euro",
          "symbol": "€"
        }
      ],
      "name": "Malta",
      "alpha2Code": "MT",
      "population": 425384
    },
    {
      "currencies": [
        {
          "code": "USD",
          "name": "United States dollar",
          "symbol": "$"
        }
      ],
      "name": "Marshall Islands",
      "alpha2Code": "MH",
      "population": 54880
    },
    {
      "currencies": [
        {
          "code": "EUR",
          "name": "Euro",
          "symbol": "€"
        }
      ],
      "name": "Martinique",
      "alpha2Code": "MQ",
      "population": 378243
    },
    {
      "currencies": [
        {
          "code": "MRO",
          "name": "Mauritanian ouguiya",
          "symbol": "UM"
        }
      ],
      "name": "Mauritania",
      "alpha2Code": "MR",
      "population": 3718678
    },
    {
      "currencies": [
        {
          "code": "MUR",
          "name": "Mauritian rupee",
          "symbol": "₨"
        }
      ],
      "name": "Mauritius",
      "alpha2Code": "MU",
      "population": 1262879
    },
    {
      "currencies": [
        {
          "code": "EUR",
          "name": "Euro",
          "symbol": "€"
        }
      ],
      "name": "Mayotte",
      "alpha2Code": "YT",
      "population": 226915
    },
    {
      "currencies": [
        {
          "code": "MXN",
          "name": "Mexican peso",
          "symbol": "$"
        }
      ],
      "name": "Mexico",
      "alpha2Code": "MX",
      "population": 122273473
    },
    {
      "currencies": [
        {
          "name": "[D]",
          "symbol": "$"
        },
        {
          "code": "USD",
          "name": "United States dollar",
          "symbol": "$"
        }
      ],
      "name": "Micronesia (Federated States of)",
      "alpha2Code": "FM",
      "population": 102800
    },
    {
      "currencies": [
        {
          "code": "MDL",
          "name": "Moldovan leu",
          "symbol": "L"
        }
      ],
      "name": "Moldova (Republic of)",
      "alpha2Code": "MD",
      "population": 3553100
    },
    {
      "currencies": [
        {
          "code": "EUR",
          "name": "Euro",
          "symbol": "€"
        }
      ],
      "name": "Monaco",
      "alpha2Code": "MC",
      "population": 38400
    },
    {
      "currencies": [
        {
          "code": "MNT",
          "name": "Mongolian tögrög",
          "symbol": "₮"
        }
      ],
      "name": "Mongolia",
      "alpha2Code": "MN",
      "population": 3093100
    },
    {
      "currencies": [
        {
          "code": "EUR",
          "name": "Euro",
          "symbol": "€"
        }
      ],
      "name": "Montenegro",
      "alpha2Code": "ME",
      "population": 621810
    },
    {
      "currencies": [
        {
          "code": "XCD",
          "name": "East Caribbean dollar",
          "symbol": "$"
        }
      ],
      "name": "Montserrat",
      "alpha2Code": "MS",
      "population": 4922
    },
    {
      "currencies": [
        {
          "code": "MAD",
          "name": "Moroccan dirham",
          "symbol": "د.م."
        }
      ],
      "name": "Morocco",
      "alpha2Code": "MA",
      "population": 33337529
    },
    {
      "currencies": [
        {
          "code": "MZN",
          "name": "Mozambican metical",
          "symbol": "MT"
        }
      ],
      "name": "Mozambique",
      "alpha2Code": "MZ",
      "population": 26423700
    },
    {
      "currencies": [
        {
          "code": "MMK",
          "name": "Burmese kyat",
          "symbol": "Ks"
        }
      ],
      "name": "Myanmar",
      "alpha2Code": "MM",
      "population": 51419420
    },
    {
      "currencies": [
        {
          "code": "NAD",
          "name": "Namibian dollar",
          "symbol": "$"
        },
        {
          "code": "ZAR",
          "name": "South African rand",
          "symbol": "R"
        }
      ],
      "name": "Namibia",
      "alpha2Code": "NA",
      "population": 2324388
    },
    {
      "currencies": [
        {
          "code": "AUD",
          "name": "Australian dollar",
          "symbol": "$"
        },
        {
          "code": "(none)",
          "symbol": "$"
        }
      ],
      "name": "Nauru",
      "alpha2Code": "NR",
      "population": 10084
    },
    {
      "currencies": [
        {
          "code": "NPR",
          "name": "Nepalese rupee",
          "symbol": "₨"
        }
      ],
      "name": "Nepal",
      "alpha2Code": "NP",
      "population": 28431500
    },
    {
      "currencies": [
        {
          "code": "EUR",
          "name": "Euro",
          "symbol": "€"
        }
      ],
      "name": "Netherlands",
      "alpha2Code": "NL",
      "population": 17019800
    },
    {
      "currencies": [
        {
          "code": "XPF",
          "name": "CFP franc",
          "symbol": "Fr"
        }
      ],
      "name": "New Caledonia",
      "alpha2Code": "NC",
      "population": 268767
    },
    {
      "currencies": [
        {
          "code": "NZD",
          "name": "New Zealand dollar",
          "symbol": "$"
        }
      ],
      "name": "New Zealand",
      "alpha2Code": "NZ",
      "population": 4697854
    },
    {
      "currencies": [
        {
          "code": "NIO",
          "name": "Nicaraguan córdoba",
          "symbol": "C$"
        }
      ],
      "name": "Nicaragua",
      "alpha2Code": "NI",
      "population": 6262703
    },
    {
      "currencies": [
        {
          "code": "XOF",
          "name": "West African CFA franc",
          "symbol": "Fr"
        }
      ],
      "name": "Niger",
      "alpha2Code": "NE",
      "population": 20715000
    },
    {
      "currencies": [
        {
          "code": "NGN",
          "name": "Nigerian naira",
          "symbol": "₦"
        }
      ],
      "name": "Nigeria",
      "alpha2Code": "NG",
      "population": 186988000
    },
    {
      "currencies": [
        {
          "code": "NZD",
          "name": "New Zealand dollar",
          "symbol": "$"
        },
        {
          "code": "(none)",
          "name": "Niue dollar",
          "symbol": "$"
        }
      ],
      "name": "Niue",
      "alpha2Code": "NU",
      "population": 1470
    },
    {
      "currencies": [
        {
          "code": "AUD",
          "name": "Australian dollar",
          "symbol": "$"
        }
      ],
      "name": "Norfolk Island",
      "alpha2Code": "NF",
      "population": 2302
    },
    {
      "currencies": [
        {
          "code": "KPW",
          "name": "North Korean won",
          "symbol": "₩"
        }
      ],
      "name": "Korea (Democratic People's Republic of)",
      "alpha2Code": "KP",
      "population": 25281000
    },
    {
      "currencies": [
        {
          "code": "USD",
          "name": "United States dollar",
          "symbol": "$"
        }
      ],
      "name": "Northern Mariana Islands",
      "alpha2Code": "MP",
      "population": 56940
    },
    {
      "currencies": [
        {
          "code": "NOK",
          "name": "Norwegian krone",
          "symbol": "kr"
        }
      ],
      "name": "Norway",
      "alpha2Code": "NO",
      "population": 5223256
    },
    {
      "currencies": [
        {
          "code": "OMR",
          "name": "Omani rial",
          "symbol": "ر.ع."
        }
      ],
      "name": "Oman",
      "alpha2Code": "OM",
      "population": 4420133
    },
    {
      "currencies": [
        {
          "code": "PKR",
          "name": "Pakistani rupee",
          "symbol": "₨"
        }
      ],
      "name": "Pakistan",
      "alpha2Code": "PK",
      "population": 194125062
    },
    {
      "currencies": [
        {
          "code": "(none)",
          "name": "[E]",
          "symbol": "$"
        },
        {
          "code": "USD",
          "name": "United States dollar",
          "symbol": "$"
        }
      ],
      "name": "Palau",
      "alpha2Code": "PW",
      "population": 17950
    },
    {
      "currencies": [
        {
          "code": "ILS",
          "name": "Israeli new sheqel",
          "symbol": "₪"
        }
      ],
      "name": "Palestine, State of",
      "alpha2Code": "PS",
      "population": 4682467
    },
    {
      "currencies": [
        {
          "code": "PAB",
          "name": "Panamanian balboa",
          "symbol": "B/."
        },
        {
          "code": "USD",
          "name": "United States dollar",
          "symbol": "$"
        }
      ],
      "name": "Panama",
      "alpha2Code": "PA",
      "population": 3814672
    },
    {
      "currencies": [
        {
          "code": "PGK",
          "name": "Papua New Guinean kina",
          "symbol": "K"
        }
      ],
      "name": "Papua New Guinea",
      "alpha2Code": "PG",
      "population": 8083700
    },
    {
      "currencies": [
        {
          "code": "PYG",
          "name": "Paraguayan guaraní",
          "symbol": "₲"
        }
      ],
      "name": "Paraguay",
      "alpha2Code": "PY",
      "population": 6854536
    },
    {
      "currencies": [
        {
          "code": "PEN",
          "name": "Peruvian sol",
          "symbol": "S/."
        }
      ],
      "name": "Peru",
      "alpha2Code": "PE",
      "population": 31488700
    },
    {
      "currencies": [
        {
          "code": "PHP",
          "name": "Philippine peso",
          "symbol": "₱"
        }
      ],
      "name": "Philippines",
      "alpha2Code": "PH",
      "population": 103279800
    },
    {
      "currencies": [
        {
          "code": "NZD",
          "name": "New Zealand dollar",
          "symbol": "$"
        },
        {
          "name": "Pitcairn Islands dollar",
          "symbol": "$"
        }
      ],
      "name": "Pitcairn",
      "alpha2Code": "PN",
      "population": 56
    },
    {
      "currencies": [
        {
          "code": "PLN",
          "name": "Polish złoty",
          "symbol": "zł"
        }
      ],
      "name": "Poland",
      "alpha2Code": "PL",
      "population": 38437239
    },
    {
      "currencies": [
        {
          "code": "EUR",
          "name": "Euro",
          "symbol": "€"
        }
      ],
      "name": "Portugal",
      "alpha2Code": "PT",
      "population": 10374822
    },
    {
      "currencies": [
        {
          "code": "USD",
          "name": "United States dollar",
          "symbol": "$"
        }
      ],
      "name": "Puerto Rico",
      "alpha2Code": "PR",
      "population": 3474182
    },
    {
      "currencies": [
        {
          "code": "QAR",
          "name": "Qatari riyal",
          "symbol": "ر.ق"
        }
      ],
      "name": "Qatar",
      "alpha2Code": "QA",
      "population": 2587564
    },
    {
      "currencies": [
        {
          "code": "EUR",
          "name": "Euro",
          "symbol": "€"
        }
      ],
      "name": "Republic of Kosovo",
      "alpha2Code": "XK",
      "population": 1733842
    },
    {
      "currencies": [
        {
          "code": "EUR",
          "name": "Euro",
          "symbol": "€"
        }
      ],
      "name": "Réunion",
      "alpha2Code": "RE",
      "population": 840974
    },
    {
      "currencies": [
        {
          "code": "RON",
          "name": "Romanian leu",
          "symbol": "lei"
        }
      ],
      "name": "Romania",
      "alpha2Code": "RO",
      "population": 19861408
    },
    {
      "currencies": [
        {
          "code": "RUB",
          "name": "Russian ruble",
          "symbol": "₽"
        }
      ],
      "name": "Russian Federation",
      "alpha2Code": "RU",
      "population": 146599183
    },
    {
      "currencies": [
        {
          "code": "RWF",
          "name": "Rwandan franc",
          "symbol": "Fr"
        }
      ],
      "name": "Rwanda",
      "alpha2Code": "RW",
      "population": 11553188
    },
    {
      "currencies": [
        {
          "code": "EUR",
          "name": "Euro",
          "symbol": "€"
        }
      ],
      "name": "Saint Barthélemy",
      "alpha2Code": "BL",
      "population": 9417
    },
    {
      "currencies": [
        {
          "code": "SHP",
          "name": "Saint Helena pound",
          "symbol": "£"
        }
      ],
      "name": "Saint Helena, Ascension and Tristan da Cunha",
      "alpha2Code": "SH",
      "population": 4255
    },
    {
      "currencies": [
        {
          "code": "XCD",
          "name": "East Caribbean dollar",
          "symbol": "$"
        }
      ],
      "name": "Saint Kitts and Nevis",
      "alpha2Code": "KN",
      "population": 46204
    },
    {
      "currencies": [
        {
          "code": "XCD",
          "name": "East Caribbean dollar",
          "symbol": "$"
        }
      ],
      "name": "Saint Lucia",
      "alpha2Code": "LC",
      "population": 186000
    },
    {
      "currencies": [
        {
          "code": "EUR",
          "name": "Euro",
          "symbol": "€"
        }
      ],
      "name": "Saint Martin (French part)",
      "alpha2Code": "MF",
      "population": 36979
    },
    {
      "currencies": [
        {
          "code": "EUR",
          "name": "Euro",
          "symbol": "€"
        }
      ],
      "name": "Saint Pierre and Miquelon",
      "alpha2Code": "PM",
      "population": 6069
    },
    {
      "currencies": [
        {
          "code": "XCD",
          "name": "East Caribbean dollar",
          "symbol": "$"
        }
      ],
      "name": "Saint Vincent and the Grenadines",
      "alpha2Code": "VC",
      "population": 109991
    },
    {
      "currencies": [
        {
          "code": "WST",
          "name": "Samoan tālā",
          "symbol": "T"
        }
      ],
      "name": "Samoa",
      "alpha2Code": "WS",
      "population": 194899
    },
    {
      "currencies": [
        {
          "code": "EUR",
          "name": "Euro",
          "symbol": "€"
        }
      ],
      "name": "San Marino",
      "alpha2Code": "SM",
      "population": 33005
    },
    {
      "currencies": [
        {
          "code": "STD",
          "name": "São Tomé and Príncipe dobra",
          "symbol": "Db"
        }
      ],
      "name": "Sao Tome and Principe",
      "alpha2Code": "ST",
      "population": 187356
    },
    {
      "currencies": [
        {
          "code": "SAR",
          "name": "Saudi riyal",
          "symbol": "ر.س"
        }
      ],
      "name": "Saudi Arabia",
      "alpha2Code": "SA",
      "population": 32248200
    },
    {
      "currencies": [
        {
          "code": "XOF",
          "name": "West African CFA franc",
          "symbol": "Fr"
        }
      ],
      "name": "Senegal",
      "alpha2Code": "SN",
      "population": 14799859
    },
    {
      "currencies": [
        {
          "code": "RSD",
          "name": "Serbian dinar",
          "symbol": "дин."
        }
      ],
      "name": "Serbia",
      "alpha2Code": "RS",
      "population": 7076372
    },
    {
      "currencies": [
        {
          "code": "SCR",
          "name": "Seychellois rupee",
          "symbol": "₨"
        }
      ],
      "name": "Seychelles",
      "alpha2Code": "SC",
      "population": 91400
    },
    {
      "currencies": [
        {
          "code": "SLL",
          "name": "Sierra Leonean leone",
          "symbol": "Le"
        }
      ],
      "name": "Sierra Leone",
      "alpha2Code": "SL",
      "population": 7075641
    },
    {
      "currencies": [
        {
          "code": "BND",
          "name": "Brunei dollar",
          "symbol": "$"
        },
        {
          "code": "SGD",
          "name": "Singapore dollar",
          "symbol": "$"
        }
      ],
      "name": "Singapore",
      "alpha2Code": "SG",
      "population": 5535000
    },
    {
      "currencies": [
        {
          "code": "ANG",
          "name": "Netherlands Antillean guilder",
          "symbol": "ƒ"
        }
      ],
      "name": "Sint Maarten (Dutch part)",
      "alpha2Code": "SX",
      "population": 38247
    },
    {
      "currencies": [
        {
          "code": "EUR",
          "name": "Euro",
          "symbol": "€"
        }
      ],
      "name": "Slovakia",
      "alpha2Code": "SK",
      "population": 5426252
    },
    {
      "currencies": [
        {
          "code": "EUR",
          "name": "Euro",
          "symbol": "€"
        }
      ],
      "name": "Slovenia",
      "alpha2Code": "SI",
      "population": 2064188
    },
    {
      "currencies": [
        {
          "code": "SBD",
          "name": "Solomon Islands dollar",
          "symbol": "$"
        }
      ],
      "name": "Solomon Islands",
      "alpha2Code": "SB",
      "population": 642000
    },
    {
      "currencies": [
        {
          "code": "SOS",
          "name": "Somali shilling",
          "symbol": "Sh"
        }
      ],
      "name": "Somalia",
      "alpha2Code": "SO",
      "population": 11079000
    },
    {
      "currencies": [
        {
          "code": "ZAR",
          "name": "South African rand",
          "symbol": "R"
        }
      ],
      "name": "South Africa",
      "alpha2Code": "ZA",
      "population": 55653654
    },
    {
      "currencies": [
        {
          "code": "GBP",
          "name": "British pound",
          "symbol": "£"
        },
        {
          "code": "(none)",
          "symbol": "£"
        }
      ],
      "name": "South Georgia and the South Sandwich Islands",
      "alpha2Code": "GS",
      "population": 30
    },
    {
      "currencies": [
        {
          "code": "KRW",
          "name": "South Korean won",
          "symbol": "₩"
        }
      ],
      "name": "Korea (Republic of)",
      "alpha2Code": "KR",
      "population": 50801405
    },
    {
      "currencies": [
        {
          "code": "SSP",
          "name": "South Sudanese pound",
          "symbol": "£"
        }
      ],
      "name": "South Sudan",
      "alpha2Code": "SS",
      "population": 12131000
    },
    {
      "currencies": [
        {
          "code": "EUR",
          "name": "Euro",
          "symbol": "€"
        }
      ],
      "name": "Spain",
      "alpha2Code": "ES",
      "population": 46438422
    },
    {
      "currencies": [
        {
          "code": "LKR",
          "name": "Sri Lankan rupee",
          "symbol": "Rs"
        }
      ],
      "name": "Sri Lanka",
      "alpha2Code": "LK",
      "population": 20966000
    },
    {
      "currencies": [
        {
          "code": "SDG",
          "name": "Sudanese pound",
          "symbol": "ج.س."
        }
      ],
      "name": "Sudan",
      "alpha2Code": "SD",
      "population": 39598700
    },
    {
      "currencies": [
        {
          "code": "SRD",
          "name": "Surinamese dollar",
          "symbol": "$"
        }
      ],
      "name": "Suriname",
      "alpha2Code": "SR",
      "population": 541638
    },
    {
      "currencies": [
        {
          "code": "NOK",
          "name": "Norwegian krone",
          "symbol": "kr"
        }
      ],
      "name": "Svalbard and Jan Mayen",
      "alpha2Code": "SJ",
      "population": 2562
    },
    {
      "currencies": [
        {
          "code": "SZL",
          "name": "Swazi lilangeni",
          "symbol": "L"
        }
      ],
      "name": "Swaziland",
      "alpha2Code": "SZ",
      "population": 1132657
    },
    {
      "currencies": [
        {
          "code": "SEK",
          "name": "Swedish krona",
          "symbol": "kr"
        }
      ],
      "name": "Sweden",
      "alpha2Code": "SE",
      "population": 9894888
    },
    {
      "currencies": [
        {
          "code": "CHF",
          "name": "Swiss franc",
          "symbol": "Fr"
        }
      ],
      "name": "Switzerland",
      "alpha2Code": "CH",
      "population": 8341600
    },
    {
      "currencies": [
        {
          "code": "SYP",
          "name": "Syrian pound",
          "symbol": "£"
        }
      ],
      "name": "Syrian Arab Republic",
      "alpha2Code": "SY",
      "population": 18564000
    },
    {
      "currencies": [
        {
          "code": "TWD",
          "name": "New Taiwan dollar",
          "symbol": "$"
        }
      ],
      "name": "Taiwan",
      "alpha2Code": "TW",
      "population": 23503349
    },
    {
      "currencies": [
        {
          "code": "TJS",
          "name": "Tajikistani somoni",
          "symbol": "ЅМ"
        }
      ],
      "name": "Tajikistan",
      "alpha2Code": "TJ",
      "population": 8593600
    },
    {
      "currencies": [
        {
          "code": "TZS",
          "name": "Tanzanian shilling",
          "symbol": "Sh"
        }
      ],
      "name": "Tanzania, United Republic of",
      "alpha2Code": "TZ",
      "population": 55155000
    },
    {
      "currencies": [
        {
          "code": "THB",
          "name": "Thai baht",
          "symbol": "฿"
        }
      ],
      "name": "Thailand",
      "alpha2Code": "TH",
      "population": 65327652
    },
    {
      "currencies": [
        {
          "code": "USD",
          "name": "United States dollar",
          "symbol": "$"
        },
        {}
      ],
      "name": "Timor-Leste",
      "alpha2Code": "TL",
      "population": 1167242
    },
    {
      "currencies": [
        {
          "code": "XOF",
          "name": "West African CFA franc",
          "symbol": "Fr"
        }
      ],
      "name": "Togo",
      "alpha2Code": "TG",
      "population": 7143000
    },
    {
      "currencies": [
        {
          "code": "NZD",
          "name": "New Zealand dollar",
          "symbol": "$"
        }
      ],
      "name": "Tokelau",
      "alpha2Code": "TK",
      "population": 1411
    },
    {
      "currencies": [
        {
          "code": "TOP",
          "name": "Tongan paʻanga",
          "symbol": "T$"
        }
      ],
      "name": "Tonga",
      "alpha2Code": "TO",
      "population": 103252
    },
    {
      "currencies": [
        {
          "code": "TTD",
          "name": "Trinidad and Tobago dollar",
          "symbol": "$"
        }
      ],
      "name": "Trinidad and Tobago",
      "alpha2Code": "TT",
      "population": 1349667
    },
    {
      "currencies": [
        {
          "code": "TND",
          "name": "Tunisian dinar",
          "symbol": "د.ت"
        }
      ],
      "name": "Tunisia",
      "alpha2Code": "TN",
      "population": 11154400
    },
    {
      "currencies": [
        {
          "code": "TRY",
          "name": "Turkish lira"
        }
      ],
      "name": "Turkey",
      "alpha2Code": "TR",
      "population": 78741053
    },
    {
      "currencies": [
        {
          "code": "TMT",
          "name": "Turkmenistan manat",
          "symbol": "m"
        }
      ],
      "name": "Turkmenistan",
      "alpha2Code": "TM",
      "population": 4751120
    },
    {
      "currencies": [
        {
          "code": "USD",
          "name": "United States dollar",
          "symbol": "$"
        }
      ],
      "name": "Turks and Caicos Islands",
      "alpha2Code": "TC",
      "population": 31458
    },
    {
      "currencies": [
        {
          "code": "AUD",
          "name": "Australian dollar",
          "symbol": "$"
        },
        {
          "code": "TVD[G]",
          "name": "Tuvaluan dollar",
          "symbol": "$"
        }
      ],
      "name": "Tuvalu",
      "alpha2Code": "TV",
      "population": 10640
    },
    {
      "currencies": [
        {
          "code": "UGX",
          "name": "Ugandan shilling",
          "symbol": "Sh"
        }
      ],
      "name": "Uganda",
      "alpha2Code": "UG",
      "population": 33860700
    },
    {
      "currencies": [
        {
          "code": "UAH",
          "name": "Ukrainian hryvnia",
          "symbol": "₴"
        }
      ],
      "name": "Ukraine",
      "alpha2Code": "UA",
      "population": 42692393
    },
    {
      "currencies": [
        {
          "code": "AED",
          "name": "United Arab Emirates dirham",
          "symbol": "د.إ"
        }
      ],
      "name": "United Arab Emirates",
      "alpha2Code": "AE",
      "population": 9856000
    },
    {
      "currencies": [
        {
          "code": "GBP",
          "name": "British pound",
          "symbol": "£"
        }
      ],
      "name": "United Kingdom of Great Britain and Northern Ireland",
      "alpha2Code": "GB",
      "population": 65110000
    },
    {
      "currencies": [
        {
          "code": "USD",
          "name": "United States dollar",
          "symbol": "$"
        }
      ],
      "name": "United States of America",
      "alpha2Code": "US",
      "population": 323947000
    },
    {
      "currencies": [
        {
          "code": "UYU",
          "name": "Uruguayan peso",
          "symbol": "$"
        }
      ],
      "name": "Uruguay",
      "alpha2Code": "UY",
      "population": 3480222
    },
    {
      "currencies": [
        {
          "code": "UZS",
          "name": "Uzbekistani so'm"
        }
      ],
      "name": "Uzbekistan",
      "alpha2Code": "UZ",
      "population": 31576400
    },
    {
      "currencies": [
        {
          "code": "VUV",
          "name": "Vanuatu vatu",
          "symbol": "Vt"
        }
      ],
      "name": "Vanuatu",
      "alpha2Code": "VU",
      "population": 277500
    },
    {
      "currencies": [
        {
          "code": "VEF",
          "name": "Venezuelan bolívar",
          "symbol": "Bs F"
        }
      ],
      "name": "Venezuela (Bolivarian Republic of)",
      "alpha2Code": "VE",
      "population": 31028700
    },
    {
      "currencies": [
        {
          "code": "VND",
          "name": "Vietnamese đồng",
          "symbol": "₫"
        }
      ],
      "name": "Viet Nam",
      "alpha2Code": "VN",
      "population": 92700000
    },
    {
      "currencies": [
        {
          "code": "XPF",
          "name": "CFP franc",
          "symbol": "Fr"
        }
      ],
      "name": "Wallis and Futuna",
      "alpha2Code": "WF",
      "population": 11750
    },
    {
      "currencies": [
        {
          "code": "MAD",
          "name": "Moroccan dirham",
          "symbol": "د.م."
        },
        {
          "code": "DZD",
          "name": "Algerian dinar",
          "symbol": "د.ج"
        }
      ],
      "name": "Western Sahara",
      "alpha2Code": "EH",
      "population": 510713
    },
    {
      "currencies": [
        {
          "code": "YER",
          "name": "Yemeni rial",
          "symbol": "﷼"
        }
      ],
      "name": "Yemen",
      "alpha2Code": "YE",
      "population": 27478000
    },
    {
      "currencies": [
        {
          "code": "ZMW",
          "name": "Zambian kwacha",
          "symbol": "ZK"
        }
      ],
      "name": "Zambia",
      "alpha2Code": "ZM",
      "population": 15933883
    },
    {
      "currencies": [
        {
          "code": "BWP",
          "name": "Botswana pula",
          "symbol": "P"
        },
        {
          "code": "GBP",
          "name": "British pound",
          "symbol": "£"
        },
        {
          "code": "CNY",
          "name": "Chinese yuan",
          "symbol": "¥"
        },
        {
          "code": "EUR",
          "name": "Euro",
          "symbol": "€"
        },
        {
          "code": "INR",
          "name": "Indian rupee",
          "symbol": "₹"
        },
        {
          "code": "JPY",
          "name": "Japanese yen",
          "symbol": "¥"
        },
        {
          "code": "ZAR",
          "name": "South African rand",
          "symbol": "Rs"
        },
        {
          "code": "USD",
          "name": "United States dollar",
          "symbol": "$"
        },
        {
          "code": "(none)"
        }
      ],
      "name": "Zimbabwe",
      "alpha2Code": "ZW",
      "population": 14240168
    }
  ],
  "comments": [
    {
      "id": 1,
      "body": "some comment",
      "postId": 1
    }
  ],
  "profile": {
    "name": "typicode"
  }
}